date,lunarDate,name,type
01/01/2026,13/11/2025,Tết Dương lịch năm 2026,solar
06/01/2026,18/11/2025,Tổng tuyển cử quốc hội khóa đầu tiên của nước Việt Nam năm 2026,solar
09/01/2026,21/11/2025,Ngày Học sinh - Sinh viên Việt Nam năm 2026,solar
11/01/2026,23/11/2025,Việt Nam chính thức gia nhập WTO năm 2026,solar
27/01/2026,09/12/2025,Ký Hiệp định Pari chấm dứt chiến tranh ở Việt Nam năm 2026,solar
03/02/2026,16/12/2025,Ngày thành lập Đảng Cộng sản Việt Nam năm 2026,solar
04/02/2026,17/12/2025,Ngày thống nhất các tổ chức mặt trận thành mặt trận Tổ quốc Việt Nam năm 2026,solar
14/02/2026,27/12/2025,Ngày lễ tình nhân (Valentine) năm 2026,solar
20/02/2026,04/01/2026,Ngày Công bằng xã hội thế giới năm 2026,solar
21/02/2026,05/01/2026,Ngày Ngôn ngữ mẹ đẻ Quốc tế năm 2026,solar
27/02/2026,11/01/2026,Ngày thầy thuốc Việt Nam năm 2026,solar
08/03/2026,20/01/2026,Ngày Quốc tế Phụ nữ năm 2026,solar
19/03/2026,01/02/2026,Ngày toàn quốc chống Mỹ năm 2026,solar
20/03/2026,02/02/2026,Ngày Quốc Tế hạnh phúc năm 2026,solar
21/03/2026,03/02/2026,Ngày Hội chứng Down thế giới và Ngày Quốc tế xóa bỏ phân biệt chủng tộc năm 2026,solar
22/03/2026,04/02/2026,Ngày Nước sạch Thế giới năm 2026,solar
23/03/2026,05/02/2026,Ngày Khí tượng Thế giới năm 2026,solar
26/03/2026,08/02/2026,Ngày thành lập Đoàn TNCS Hồ Chí Minh năm 2026,solar
27/03/2026,09/02/2026,Ngày Thể Thao Việt Nam năm 2026,solar
01/04/2026,14/02/2026,Ngày Cá tháng Tư năm 2026,solar
04/04/2026,17/02/2026,Ngày Quốc tế Nhận thức bom mìn và Hỗ trợ bằng hành động chống bom mìn năm 2026,solar
05/04/2026,18/02/2026,Tết Thanh minh năm 2026,solar
07/04/2026,20/02/2026,Ngày Y tế Thế giới năm 2026,solar
14/04/2026,27/02/2026,Tết Dân tộc Khmer Nam Bộ năm 2026,solar
22/04/2026,06/03/2026,Ngày Trái đất năm 2026,solar
23/04/2026,07/03/2026,Ngày Sách và Bản quyền Thế giới năm 2026,solar
26/04/2026,10/03/2026,Ngày Sở hữu trí tuệ thế giới năm 2026,solar
30/04/2026,14/03/2026,Ngày giải phóng miền Nam năm 2026,solar
01/05/2026,15/03/2026,Ngày Quốc tế Lao động năm 2026,solar
03/05/2026,17/03/2026,Ngày Tự do Báo chí thế giới năm 2026,solar
05/05/2026,19/03/2026,Ngày sinh Các - Mác năm 2026,solar
07/05/2026,21/03/2026,Ngày chiến thắng Điện Biên Phủ năm 2026,solar
15/05/2026,29/03/2026,Ngày thành lập Đội Thiếu niên Tiền phong Hồ Chí Minh năm 2026,solar
17/05/2026,01/04/2026,Ngày Xã hội Thông tin Thế giới năm 2026,solar
19/05/2026,03/04/2026,Ngày sinh chủ tịch Hồ Chí Minh năm 2026,solar
21/05/2026,05/04/2026,Ngày Thế giới về Đa dạng Văn hóa vì Đối thoại và Phát triển năm 2026,solar
22/05/2026,06/04/2026,Ngày quốc tế Đa dạng sinh học năm 2026,solar
29/05/2026,13/04/2026,Ngày Quốc tế Gìn giữ hòa bình Liên Hiệp Quốc năm 2026,solar
31/05/2026,15/04/2026,Ngày Thế giới không thuốc lá năm 2026,solar
01/06/2026,16/04/2026,Ngày Quốc tế thiếu nhi năm 2026,solar
04/06/2026,19/04/2026,Ngày Quốc tế của trẻ em vô tội và là nạn nhân bị xâm lược năm 2026,solar
05/06/2026,20/04/2026,Ngày Môi trường Thế giới năm 2026,solar
17/06/2026,03/05/2026,Ngày Thế giới chống sa mạc hóa và hạn hán năm 2026,solar
20/06/2026,06/05/2026,Ngày Tị nạn Thế giới năm 2026,solar
21/06/2026,07/05/2026,Ngày báo chí Việt Nam năm 2026,solar
23/06/2026,09/05/2026,Ngày Dịch vụ Công cộng Liên Hiệp Quốc năm 2026,solar
28/06/2026,14/05/2026,Ngày gia đình Việt Nam năm 2026,solar
02/07/2026,18/05/2026,Quốc hội Khóa VI quyết nghị lấy tên nước là Cộng hòa Xã hội Chủ nghĩa Việt Nam năm 2026,solar
06/07/2026,22/05/2026,Ngày Hôn thế giới năm 2026,solar
11/07/2026,27/05/2026,Ngày dân số thế giới năm 2026,solar
15/07/2026,02/06/2026,Ngày truyền thống Thanh niên xung phong năm 2026,solar
27/07/2026,14/06/2026,Ngày Thương binh liệt sĩ năm 2026,solar
28/07/2026,15/06/2026,Ngày thành lập công đoàn Việt Nam năm 2026,solar
09/08/2026,27/06/2026,Ngày Quốc tế của người thổ dân thế giới năm 2026,solar
12/08/2026,30/06/2026,Ngày Quốc tế Thanh Thiếu niên năm 2026,solar
19/08/2026,07/07/2026,Ngày tổng khởi nghĩa năm 2026,solar
23/08/2026,11/07/2026,Ngày Quốc tế tưởng niệm việc buôn bán nô lệ và việc hủy bỏ nó năm 2026,solar
25/08/2026,13/07/2026,Bảo Đại thoái vị năm 2026,solar
30/08/2026,18/07/2026,Ngày sinh tỷ phú Warren Edward Buffett năm 2026,solar
01/09/2026,20/07/2026,Chiến tranh thế giới thứ hai bùng nổ năm 2026,solar
02/09/2026,21/07/2026,Ngày Quốc Khánh năm 2026,solar
10/09/2026,29/07/2026,Ngày thành lập Mặt trận Tổ quốc Việt Nam năm 2026,solar
12/09/2026,02/08/2026,Chiến dịch Xô Viết Nghệ Tĩnh năm 2026,solar
15/09/2026,05/08/2026,Ngày Quốc tế Dân chủ năm 2026,solar
16/09/2026,06/08/2026,Ngày Quốc tế Bảo vệ Tầng ôzôn năm 2026,solar
20/09/2026,10/08/2026,Việt Nam gia nhập Liên Hiệp Quốc năm 2026,solar
21/09/2026,11/08/2026,Ngày Quốc tế Hòa bình năm 2026,solar
23/09/2026,13/08/2026,Ngày Nam Bộ kháng chiến năm 2026,solar
27/09/2026,17/08/2026,Khởi nghĩa Bắc Sơn năm 2026,solar
01/10/2026,21/08/2026,Ngày quốc tế người cao tuổi năm 2026,solar
02/10/2026,22/08/2026,Ngày Quốc tế bất bạo động năm 2026,solar
04/10/2026,24/08/2026,Ngày Động vật thế giới năm 2026,solar
05/10/2026,25/08/2026,Ngày Nhà giáo thế giới năm 2026,solar
09/10/2026,29/08/2026,Ngày Bưu chính Thế giới năm 2026,solar
13/10/2026,04/09/2026,Ngày doanh nhân Việt Nam năm 2026,solar
14/10/2026,05/09/2026,Ngày thành lập Hội Nông dân Việt Nam năm 2026,solar
15/10/2026,06/09/2026,Ngày truyền thống Hội liên hiệp Thanh niên Việt Nam năm 2026,solar
16/10/2026,07/09/2026,Ngày Lương thực thế giới năm 2026,solar
17/10/2026,08/09/2026,Ngày quốc tế xóa nghèo năm 2026,solar
20/10/2026,11/09/2026,Ngày Phụ nữ Việt Nam năm 2026,solar
31/10/2026,22/09/2026,Ngày Hallowen năm 2026,solar
09/11/2026,01/10/2026,Ngày pháp luật Việt Nam năm 2026,solar
20/11/2026,12/10/2026,Ngày Nhà giáo Việt Nam năm 2026,solar
23/11/2026,15/10/2026,Ngày thành lập Hội chữ thập đỏ Việt Nam năm 2026,solar
28/11/2026,20/10/2026,Ngày Lâm nghiệp Việt Nam năm 2026,solar
01/12/2026,23/10/2026,Ngày thế giới phòng chống AIDS năm 2026,solar
02/12/2026,24/10/2026,Ngày Quốc tế Giải phóng Nô lệ năm 2026,solar
07/12/2026,29/10/2026,Ngày Hàng không Dân dụng Quốc tế năm 2026,solar
09/12/2026,01/11/2026,Ngày Quốc tế chống Tham nhũng năm 2026,solar
19/12/2026,11/11/2026,Ngày toàn quốc kháng chiến năm 2026,solar
22/12/2026,14/11/2026,Ngày thành lập quân đội nhân dân Việt Nam năm 2026,solar
24/12/2026,16/11/2026,Lễ Giáng sinh (Noen) năm 2026,solar
17/02/2026,01/01/2026,Tết Nguyên Đán năm 2026,lunar
20/02/2026,04/01/2026,Lễ hội Đồng Kỵ (Bắc Ninh) năm 2026,lunar
21/02/2026,05/01/2026,Lễ hội gò Đống Đa năm 2026,lunar
22/02/2026,06/01/2026,"Hội Gióng Sóc Sơn (Hà Nội), Khai hội chùa Hương năm 2026",lunar
23/02/2026,07/01/2026,"Hội chợ Viềng (Nam Định), Lễ hội đầm Ô Loan (Phú Yên) năm 2026",lunar
24/02/2026,08/01/2026,Lễ hội đền Vua Bà (Hòa Bình) năm 2026,lunar
25/02/2026,09/01/2026,Lễ hội Đức Chí Tôn (Tây Ninh) năm 2026,lunar
26/02/2026,10/01/2026,Khai hội Yên Tử (Quảng Ninh) năm 2026,lunar
01/03/2026,13/01/2026,Hội Lim (Tiên Du - Bắc Ninh) năm 2026,lunar
02/03/2026,14/01/2026,Lễ hội Bà Chúa Kho (Bắc Ninh) năm 2026,lunar
03/03/2026,15/01/2026,Tết Nguyên tiêu năm 2026,lunar
05/03/2026,17/01/2026,Lễ hội chọi trâu (Vĩnh Phúc) năm 2026,lunar
15/03/2026,27/01/2026,Lễ Cầu tháng Giêng (Phú Thọ) năm 2026,lunar
16/03/2026,28/01/2026,Hội làng Bùi (Bắc Ninh) năm 2026,lunar
20/03/2026,02/02/2026,Lễ hội Chùa Trầm năm 2026,lunar
26/03/2026,08/02/2026,Hội làng Long Khám (Bắc Ninh) năm 2026,lunar
28/03/2026,10/02/2026,Lễ hội đình Yên Phụ (Hà Nội) năm 2026,lunar
30/03/2026,12/02/2026,"Hội chọi trâu Phù Ninh (Phú Thọ), Lễ hội Làng rèn Tây Phương Danh (Bình Định) năm 2026",lunar
31/03/2026,13/02/2026,Lễ hội Hoa Ban (Lai Châu) năm 2026,lunar
01/04/2026,14/02/2026,Lễ hội chùa Vĩnh Nghiêm (Bắc Giang) năm 2026,lunar
06/04/2026,19/02/2026,Lễ hội Quan Thế Âm (Đà Nẵng) năm 2026,lunar
09/04/2026,22/02/2026,Hội đình Trúc Tay (Bắc Giang) năm 2026,lunar
14/04/2026,27/02/2026,"Hội chùa Sàn (Lục Nam, Bắc Giang) năm 2026",lunar
19/04/2026,03/03/2026,Tết Hàn thực năm 2026,lunar
22/04/2026,06/03/2026,Lễ hội Cố đô Hoa Lư (Ninh Bình) năm 2026,lunar
23/04/2026,07/03/2026,Lễ hội chùa Thầy (Hà Nội) năm 2026,lunar
25/04/2026,09/03/2026,Lễ hội Nam Trì (Hưng Yên) năm 2026,lunar
26/04/2026,10/03/2026,Giỗ tổ Hùng Vương năm 2026,lunar
01/05/2026,15/03/2026,Hội làng Đông Hồ (Bắc Ninh) năm 2026,lunar
04/05/2026,18/03/2026,Hội Đậu (Bắc Ninh) năm 2026,lunar
09/05/2026,23/03/2026,Hội chùa Bút Tháp (Bắc Ninh) năm 2026,lunar
13/05/2026,27/03/2026,Hội thả chim bồ câu (Bắc Ninh) năm 2026,lunar
17/05/2026,01/04/2026,Lễ hội làng cá Cát Bà (Hải Phòng) năm 2026,lunar
24/05/2026,08/04/2026,Lễ hội chùa Dâu (Bắc Ninh) năm 2026,lunar
25/05/2026,09/04/2026,Hội Gióng Phù Đổng (Hà Nội) năm 2026,lunar
26/05/2026,10/04/2026,Hội làng Cựu Ấp (Vĩnh Phúc) năm 2026,lunar
30/05/2026,14/04/2026,Tết Dân tộc Khmer năm 2026,lunar
31/05/2026,15/04/2026,Lễ Phật Đản năm 2026,lunar
19/06/2026,05/05/2026,Tết Đoan Ngọ năm 2026,lunar
23/06/2026,09/05/2026,Lễ hội đình Châu Phú (An Giang) năm 2026,lunar
24/06/2026,10/05/2026,Lễ hội cúng biển Mỹ Long (Trà Vinh) năm 2026,lunar
28/06/2026,14/05/2026,Lễ hội đình – đền Chèm (Hà Nội) năm 2026,lunar
14/07/2026,01/06/2026,Lễ hội đình Trà Cổ (Quảng Ninh) năm 2026,lunar
23/07/2026,10/06/2026,Hội kéo ngựa gỗ (Hải Phòng) năm 2026,lunar
19/08/2026,07/07/2026,Lễ Thất Tịch năm 2026,lunar
27/08/2026,15/07/2026,"Lễ Vu Lan, Tết Trung nguyên năm 2026",lunar
11/09/2026,01/08/2026,Tết Katê năm 2026,lunar
14/09/2026,04/08/2026,Lễ hội Đình Châm Khê (Bắc Ninh) năm 2026,lunar
19/09/2026,09/08/2026,"Lễ hội chọi trâu (Đồ Sơn, Hải Phòng) năm 2026",lunar
20/09/2026,10/08/2026,Hội Thị Cầu (Bắc Ninh) năm 2026,lunar
25/09/2026,15/08/2026,Tết Trung Thu năm 2026,lunar
18/10/2026,09/09/2026,Tết Trùng Cửu năm 2026,lunar
22/10/2026,13/09/2026,Lễ hội chùa Keo (Thái Bình) năm 2026,lunar
29/10/2026,20/09/2026,Hội đền Bắc Lệ (Lạng Sơn) năm 2026,lunar
07/11/2026,29/09/2026,Hội Đại Bái (Bắc Ninh) năm 2026,lunar
18/11/2026,10/10/2026,Tết Trùng Thập năm 2026,lunar
23/11/2026,15/10/2026,Tết Hạ Nguyên (Tết cơm mới) năm 2026,lunar
16/12/2026,08/11/2026,Hội chùa Canh Bầu (Bắc Giang) năm 2026,lunar
18/12/2026,10/11/2026,Tết cơm mới của người La Hủ (Lai Châu) năm 2026,lunar
22/12/2026,14/11/2026,Lễ hội đền Nguyễn Công Trứ (Ninh Bình) năm 2026,lunar
23/12/2026,15/11/2026,Hội Đình Phường Bông (Nam Định) năm 2026,lunar
02/01/2027,25/11/2026,Hội Vân Lệ (Thanh Hóa) năm 2026,lunar
19/01/2027,12/12/2026,Hội Mậu Lân (Vĩnh Phúc) năm 2026,lunar
30/01/2027,23/12/2026,Ông Táo chầu trời năm 2026,lunar
04/02/2027,28/12/2026,Hội Bạch Lưu (Vĩnh Phúc) năm 2026,lunar
